provider,status,scenario_id,category,archetype,latency_ms,json_ok,in_tokens,out_tokens,plutchik_match,composite_detected,intensity_calibrated,nrc_coherence,behavior_aligned,predicted_dimension,expected_dimension,primary_emotion,secondary_emotion,nrc_top_dim
llama3.1,ok,1,negative_shift,tourist,3215.824800019618,True,226,118,False,False,True,True,False,anger,fear,frustration,anxiety,fear
llama3.1,ok,1,negative_shift,tourist,3159.805199946277,True,226,113,False,False,True,True,False,anger,fear,frustration,anxiety,fear
llama3.1,ok,2,nuanced,resident,3645.1060000108555,True,230,130,True,False,False,False,False,sadness,sadness,nostalgia,wistfulness,surprise
llama3.1,ok,2,nuanced,resident,3468.3101999689825,True,230,124,True,False,False,False,False,sadness,sadness,nostalgia,sorrow,anger
llama3.1,ok,3,positive_shift,student,3180.553200014401,True,221,116,True,False,True,False,False,joy,joy,elation,relief,surprise
llama3.1,ok,3,positive_shift,student,3408.320399990771,True,221,122,True,False,True,False,False,joy,joy,euphoria,relief,fear
llama3.1,ok,4,negative_shift,commuter,3184.3870999873616,True,230,114,True,False,True,True,False,anger,anger,frustration,anger,anger
llama3.1,ok,4,negative_shift,commuter,2914.9444000213407,True,230,110,True,False,True,True,False,anger,anger,frustration,anger,anger
llama3.1,ok,5,positive_shift,tourist,3168.3737999992445,True,227,113,False,False,True,False,False,joy,surprise,amusement,wonder,surprise
llama3.1,ok,5,positive_shift,tourist,3248.215000028722,True,227,129,False,False,True,False,True,joy,surprise,serenity,wonder,surprise
llama3.1,ok,6,negative_shift,resident,2758.1160000409,True,219,115,True,True,True,False,False,sadness,sadness,sadness,frustration,fear
llama3.1,ok,6,negative_shift,resident,2673.265999997966,True,219,116,True,False,True,False,True,sadness,sadness,disappointment,nostalgia,surprise
llama3.1,ok,7,escalation,student,2866.1144000361674,True,231,120,True,False,True,False,False,fear,fear,anxious,frustrated,trust
llama3.1,ok,7,escalation,student,2949.109799985308,True,231,128,False,False,True,False,False,anger,fear,frustration,anxiety,fear
llama3.1,ok,8,positive_shift,commuter,2725.8571999846026,True,229,115,False,True,True,False,True,joy,surprise,delight,serenity,surprise
llama3.1,ok,8,positive_shift,commuter,2866.5508999838494,True,229,124,False,False,False,False,True,joy,surprise,delight,surprise,surprise
llama3.1,ok,9,nuanced,tourist,2815.9592000301927,True,233,117,True,False,True,False,False,sadness,sadness,wistfulness,loneliness,fear
llama3.1,ok,9,nuanced,tourist,2728.1882999814115,True,233,117,True,False,True,False,False,sadness,sadness,melancholy,loneliness,fear
llama3.1,ok,10,nuanced,resident,2907.988600025419,True,223,121,True,False,True,False,True,sadness,sadness,nostalgia,sorrow,surprise
llama3.1,ok,10,nuanced,resident,2679.8150000395253,True,223,116,True,False,True,False,True,sadness,sadness,sadness,nostalgia,surprise
llama3.1,ok,11,empathy,student,3271.7686000396498,True,219,138,False,False,True,True,False,joy,trust,gratitude,warmth,surprise
llama3.1,ok,11,empathy,student,2341.666999971494,True,219,99,True,False,True,True,False,trust,trust,admiration,warmth,trust
llama3.1,ok,12,positive_shift,commuter,2509.837499994319,True,222,102,False,False,True,True,False,surprise,joy,surprise,excitement,surprise
llama3.1,ok,12,positive_shift,commuter,2412.1567999827676,True,222,104,False,False,True,False,False,surprise,joy,surprise,excitement,surprise
llama3.1,ok,13,positive_shift,tourist,2898.8994999672286,True,237,119,False,True,True,False,True,joy,surprise,amusement,relief,surprise
llama3.1,ok,13,positive_shift,tourist,2449.559499975294,True,237,104,True,True,True,True,False,surprise,surprise,surprise,gratitude,surprise
llama3.1,ok,14,negative_shift,resident,3160.946000018157,True,234,133,True,False,True,False,False,anger,anger,frustration,helplessness,anger
llama3.1,ok,14,negative_shift,resident,2955.390900024213,True,234,127,True,False,True,False,False,anger,anger,frustration,anger,anger
llama3.1,ok,15,nuanced,student,3224.26709998399,True,229,135,True,False,True,False,True,sadness,sadness,nostalgia,bittersweetness,anger
llama3.1,ok,15,nuanced,student,2696.13820000086,True,229,110,True,False,True,False,True,sadness,sadness,nostalgia,apprehension,fear
qwen2.5-coder,ok,1,negative_shift,tourist,1766.7284999624826,True,245,127,False,True,True,True,False,unmapped,fear,confused,frustrated,anger
qwen2.5-coder,ok,1,negative_shift,tourist,1568.1417000014335,True,245,116,False,False,True,True,False,anger,fear,frustrated,anxious,anger
qwen2.5-coder,ok,2,nuanced,resident,1677.8896999894641,True,249,121,True,False,False,False,False,sadness,sadness,nostalgia,remembrance,fear
qwen2.5-coder,ok,2,nuanced,resident,1350.1966000185348,True,249,98,True,False,False,False,True,sadness,sadness,sadness,nostalgia,fear
qwen2.5-coder,ok,3,positive_shift,student,1786.2063000211492,True,240,130,False,False,True,False,True,anticipation,joy,excitement,satisfaction,fear
qwen2.5-coder,ok,3,positive_shift,student,1551.6887999838218,True,240,114,False,False,True,False,False,anticipation,joy,excited,anxious,fear
qwen2.5-coder,ok,4,negative_shift,commuter,1303.4758999710903,True,252,97,True,True,True,False,False,anger,anger,frustrated,anxious,sadness
qwen2.5-coder,ok,4,negative_shift,commuter,1235.7574000488967,True,252,93,True,True,True,True,False,anger,anger,frustration,anxiety,trust
qwen2.5-coder,ok,5,positive_shift,tourist,1419.8609000304714,True,246,109,False,False,True,False,False,anticipation,surprise,curious,mystified,anger
qwen2.5-coder,ok,5,positive_shift,tourist,1593.6425000545569,True,246,125,False,False,True,False,False,anticipation,surprise,curious,wistful,surprise
qwen2.5-coder,ok,6,negative_shift,resident,1594.3638000171632,True,239,113,True,False,True,False,False,sadness,sadness,sad,nostalgic,surprise
qwen2.5-coder,ok,6,negative_shift,resident,1477.356499992311,True,239,106,True,False,True,False,False,sadness,sadness,sad,nostalgia,trust
qwen2.5-coder,ok,7,escalation,student,1885.9797999612056,True,250,138,True,False,True,False,False,fear,fear,anxious,frustrated,surprise
qwen2.5-coder,ok,7,escalation,student,1601.490199973341,True,250,121,True,False,True,False,False,fear,fear,anxious,frustrated,trust
qwen2.5-coder,ok,8,positive_shift,commuter,1693.2451999746263,True,248,128,False,False,False,True,True,joy,surprise,happy,contented,surprise
qwen2.5-coder,ok,8,positive_shift,commuter,1459.0527000254951,True,248,105,False,False,False,False,True,joy,surprise,happy,curious,surprise
qwen2.5-coder,ok,9,nuanced,tourist,1509.0493999887258,True,252,98,False,False,True,False,False,fear,sadness,anxiety,depression,fear
qwen2.5-coder,ok,9,nuanced,tourist,1752.4469999480061,True,252,128,False,False,True,False,False,disgust,sadness,boredom,loneliness,surprise
qwen2.5-coder,ok,10,nuanced,resident,1523.8207000074908,True,242,99,True,False,True,False,False,sadness,sadness,sadness,nostalgia,fear
qwen2.5-coder,ok,10,nuanced,resident,1599.9244000413455,True,242,108,True,False,True,False,False,sadness,sadness,sadness,nostalgia,surprise
qwen2.5-coder,ok,11,empathy,student,1687.8942999755964,True,238,113,True,False,True,False,False,trust,trust,compassion,helplessness,anger
qwen2.5-coder,ok,11,empathy,student,1413.7406999943778,True,238,104,True,True,False,False,True,trust,trust,compassion,gratitude,anger
qwen2.5-coder,ok,12,positive_shift,commuter,1978.8632999989204,True,241,142,True,False,True,False,True,joy,joy,overjoyed,excited,anger
qwen2.5-coder,ok,12,positive_shift,commuter,1820.6906999694183,True,241,129,False,False,True,False,True,anticipation,joy,excitement,happiness,anger
qwen2.5-coder,ok,13,positive_shift,tourist,1279.45000003092,True,256,84,False,True,False,False,False,unmapped,surprise,elated,grateful,anger
qwen2.5-coder,ok,13,positive_shift,tourist,1729.6519000083208,True,256,123,False,False,True,False,False,unmapped,surprise,satisfied,relieved,anger
qwen2.5-coder,ok,14,negative_shift,resident,1593.16630003741,True,254,111,False,True,True,False,False,fear,anger,worried,nostalgic,surprise
qwen2.5-coder,ok,14,negative_shift,resident,1694.5494000101462,True,254,119,True,False,True,False,False,anger,anger,anger,frustration,surprise
qwen2.5-coder,ok,15,nuanced,student,1794.7036999976262,True,248,125,True,False,True,False,True,sadness,sadness,nostalgia,sadness,surprise
qwen2.5-coder,ok,15,nuanced,student,1788.810400001239,True,248,128,False,False,True,False,True,unmapped,sadness,reflective,nostalgic,fear
deepseek,ok,1,negative_shift,tourist,2108.98580000503,True,227,118,True,True,True,True,False,fear,fear,anxiety,frustration,anger
deepseek,ok,1,negative_shift,tourist,2173.4199000056833,True,227,117,True,True,True,True,False,fear,fear,anxiety,frustration,anger
deepseek,ok,2,nuanced,resident,1919.7935999836773,True,231,114,True,False,True,False,True,sadness,sadness,nostalgia,melancholy,anger
deepseek,ok,2,nuanced,resident,2180.0515999784693,True,231,140,True,False,True,False,True,sadness,sadness,melancholy,gratitude,anger
deepseek,ok,3,positive_shift,student,2103.1171000213362,True,222,107,True,False,True,False,False,joy,joy,joy,pride,anger
deepseek,ok,3,positive_shift,student,2298.0169000220485,True,222,109,True,False,True,False,False,joy,joy,joy,relief,fear
deepseek,ok,4,negative_shift,commuter,2125.4149000160396,True,233,106,True,True,True,True,False,anger,anger,frustration,anxiety,anger
deepseek,ok,4,negative_shift,commuter,2210.944799997378,True,233,118,True,True,True,True,False,anger,anger,frustration,anxiety,fear
deepseek,ok,5,positive_shift,tourist,2339.554100006353,True,228,128,False,False,True,True,True,joy,surprise,delight,curiosity,surprise
deepseek,ok,5,positive_shift,tourist,2231.7140999948606,True,228,111,False,False,True,False,False,joy,surprise,delight,curiosity,fear
deepseek,ok,6,negative_shift,resident,2339.1351000173017,True,220,128,True,False,True,False,True,sadness,sadness,sadness,resignation,anger
deepseek,ok,6,negative_shift,resident,2715.305899968371,True,220,145,True,True,True,False,False,sadness,sadness,sadness,resentment,anger
deepseek,ok,7,escalation,student,2201.5896000084467,True,232,125,True,False,True,False,False,fear,fear,anxiety,frustration,fear
deepseek,ok,7,escalation,student,2278.9374999701977,True,232,125,True,False,True,False,False,fear,fear,anxiety,frustration,fear
deepseek,ok,8,positive_shift,commuter,2264.4827000331134,True,232,111,False,False,True,False,False,unmapped,surprise,pleasure,curiosity,fear
deepseek,ok,8,positive_shift,commuter,2352.9529999941587,True,232,119,False,False,True,False,True,unmapped,surprise,pleasure,curiosity,fear
deepseek,ok,9,nuanced,tourist,2283.977299986873,True,234,119,True,False,True,False,True,sadness,sadness,loneliness,envy,fear
deepseek,ok,9,nuanced,tourist,2181.4784000162035,True,234,118,True,False,False,False,False,sadness,sadness,loneliness,envy,fear
deepseek,ok,10,nuanced,resident,2209.706499997992,True,224,118,True,False,True,False,False,sadness,sadness,sadness,longing,fear
deepseek,ok,10,nuanced,resident,2243.7138999812305,True,224,125,True,False,True,False,True,sadness,sadness,melancholy,longing,anger
deepseek,ok,11,empathy,student,2500.5835999618284,True,220,121,False,False,True,False,False,joy,trust,relief,empathy,surprise
deepseek,ok,11,empathy,student,2073.0753000243567,True,220,118,True,True,True,False,False,trust,trust,admiration,relief,surprise
deepseek,ok,12,positive_shift,commuter,2376.293600013014,True,225,137,True,True,True,False,True,joy,joy,elation,surprise,fear
deepseek,ok,12,positive_shift,commuter,2278.2055999850854,True,225,120,True,True,True,False,False,joy,joy,elation,surprise,anger
deepseek,ok,13,positive_shift,tourist,2082.7650999999605,True,238,115,False,True,False,False,False,joy,surprise,delight,relief,surprise
deepseek,ok,13,positive_shift,tourist,2344.4320000126027,True,238,112,False,True,False,True,False,joy,surprise,delight,relief,surprise
deepseek,ok,14,negative_shift,resident,3040.144699974917,True,235,142,True,False,True,False,True,anger,anger,irritation,resignation,anger
deepseek,ok,14,negative_shift,resident,2475.1314999884926,True,235,127,True,False,True,False,True,anger,anger,irritation,helplessness,anger
deepseek,ok,15,nuanced,student,2433.242499944754,True,230,111,True,False,True,False,True,sadness,sadness,nostalgia,melancholy,fear
deepseek,ok,15,nuanced,student,2376.063100004103,True,230,116,True,False,True,False,True,sadness,sadness,nostalgia,melancholy,fear
